{
  "IcoMoonType": "selection",
  "icons": [
    {
      "icon": {
        "paths": [
          "M33.983 557.255c-24.994-24.994-24.994-65.516 0-90.51l407.294-407.293c24.993-24.994 65.516-24.994 90.509 0s24.994 65.516 0 90.51l-362.038 362.038 362.038 362.042c24.994 24.992 24.994 65.51 0 90.509-24.993 24.992-65.516 24.992-90.509 0l-407.294-407.295zM1152 576h-1072.762v-128h1072.762v128z"
        ],
        "attrs": [],
        "width": 1152,
        "isMulticolor": false,
        "isMulticolor2": false,
        "grid": 0,
        "tags": [
          "arrow"
        ],
        "colorPermutations": {}
      },
      "attrs": [],
      "properties": {
        "order": 5,
        "id": 0,
        "name": "arrow",
        "prevSize": 32
      },
      "setIdx": 1,
      "setId": 2,
      "iconIdx": 0
    }
  ],
  "height": 1024,
  "preferences": {
    "showGlyphs": true,
    "showQuickUse": true,
    "showQuickUse2": false,
    "showSVGs": true,
    "fontPref": {
      "prefix": "icon-",
      "metadata": {
        "fontFamily": "icomoon"
      },
      "metrics": {
        "emSize": 1024,
        "baseline": 6.25,
        "whitespace": 50
      },
      "embed": false
    },
    "imagePref": {
      "prefix": "icon-",
      "png": false,
      "useClassSelector": true,
      "color": 0,
      "bgColor": 16777215,
      "classSelector": ".icon",
      "name": "icomoon",
      "height": 32,
      "columns": 16,
      "margin": 16
    },
    "historySize": 50,
    "showCodes": true,
    "gridSize": 16
  }
}